<metadata xml:lang="en"><Esri><CreaDate>20220214</CreaDate><CreaTime>14124900</CreaTime><ArcGISFormat>1.0</ArcGISFormat><SyncOnce>FALSE</SyncOnce><DataProperties><lineage><Process ToolSource="c:\program files\arcgis\pro\Resources\ArcToolbox\toolboxes\Data Management Tools.tbx\DeleteField" Date="20210819" Time="162149">DeleteField RestorationProjects areaHA</Process><Process ToolSource="c:\program files\arcgis\pro\Resources\ArcToolbox\toolboxes\Data Management Tools.tbx\UpdateSchema" Date="20210819" Time="162231">UpdateSchema "CIMDATA=&lt;CIMStandardDataConnection xsi:type='typens:CIMStandardDataConnection' xmlns:xsi='http://www.w3.org/2001/XMLSchema-instance' xmlns:xs='http://www.w3.org/2001/XMLSchema' xmlns:typens='http://www.esri.com/schemas/ArcGIS/2.8.0'&gt;&lt;WorkspaceConnectionString&gt;DATABASE=C:\Users\Oleksandr.Stefankiv\Documents\ESRP\Estuary_Restoration_Chinook_Salmon\Data\Habitat_Features\Review\Summary&lt;/WorkspaceConnectionString&gt;&lt;WorkspaceFactory&gt;Shapefile&lt;/WorkspaceFactory&gt;&lt;Dataset&gt;RestorationProjects.shp&lt;/Dataset&gt;&lt;DatasetType&gt;esriDTFeatureClass&lt;/DatasetType&gt;&lt;/CIMStandardDataConnection&gt;" &lt;operationSequence&gt;&lt;workflow&gt;&lt;AddField&gt;&lt;field_name&gt;AreaHA&lt;/field_name&gt;&lt;field_type&gt;DOUBLE&lt;/field_type&gt;&lt;field_is_nullable&gt;False&lt;/field_is_nullable&gt;&lt;field_is_required&gt;False&lt;/field_is_required&gt;&lt;/AddField&gt;&lt;/workflow&gt;&lt;/operationSequence&gt;</Process><Process ToolSource="c:\program files\arcgis\pro\Resources\ArcToolbox\toolboxes\Data Management Tools.tbx\CalculateGeometryAttributes" Date="20210819" Time="162321">CalculateGeometryAttributes RestorationProjects "AreaHA AREA" # Hectares PROJCS["NAD_1983_HARN_StatePlane_Washington_South_FIPS_4602",GEOGCS["GCS_North_American_1983_HARN",DATUM["D_North_American_1983_HARN",SPHEROID["GRS_1980",6378137.0,298.257222101]],PRIMEM["Greenwich",0.0],UNIT["Degree",0.0174532925199433]],PROJECTION["Lambert_Conformal_Conic"],PARAMETER["False_Easting",500000.0],PARAMETER["False_Northing",0.0],PARAMETER["Central_Meridian",-120.5],PARAMETER["Standard_Parallel_1",45.83333333333334],PARAMETER["Standard_Parallel_2",47.33333333333334],PARAMETER["Latitude_Of_Origin",45.33333333333334],UNIT["Meter",1.0]] "Same as input"</Process><Process ToolSource="c:\program files\arcgis\pro\Resources\ArcToolbox\toolboxes\Data Management Tools.tbx\CalculateGeometryAttributes" Date="20211001" Time="144115">CalculateGeometryAttributes RestorationProjects "AreaHA AREA" # Hectares # "Same as input"</Process><Process ToolSource="c:\program files\arcgis\pro\Resources\ArcToolbox\toolboxes\Conversion Tools.tbx\FeatureClassToFeatureClass" Date="20220106" Time="092234">FeatureClassToFeatureClass RestorationProjects C:\Users\Oleksandr.Stefankiv\Documents\ESRP\Estuary_Restoration_Chinook_Salmon\Data\Habitat_Features\Review\Summary\0106222 RestorationProjects.shp # "Delta "Delta" true true false 150 Text 0 0,First,#,RestorationProjects,Delta,0,150;ProjID "ProjID" true true false 4 Short 0 4,First,#,RestorationProjects,ProjID,-1,-1;ProjName "ProjName" true true false 50 Text 0 0,First,#,RestorationProjects,ProjName,0,50;ProjYear "ProjYear" true true false 4 Short 0 4,First,#,RestorationProjects,ProjYear,-1,-1;Inundation "Inundation" true true false 50 Text 0 0,First,#,RestorationProjects,Inundation,0,50;Comment "Comment" true true false 150 Text 0 0,First,#,RestorationProjects,Comment,0,150;F_Type "F_Type" true true false 20 Text 0 0,First,#,RestorationProjects,F_Type,0,20;AreaHA "AreaHA" true true false 19 Double 0 0,First,#,RestorationProjects,AreaHA,-1,-1" #</Process><Process ToolSource="c:\program files\arcgis\pro\Resources\ArcToolbox\toolboxes\Data Management Tools.tbx\CalculateGeometryAttributes" Date="20220106" Time="093741">CalculateGeometryAttributes RestorationProjects "AreaHA AREA" # Hectares PROJCS["NAD_1983_HARN_StatePlane_Washington_South_FIPS_4602",GEOGCS["GCS_North_American_1983_HARN",DATUM["D_North_American_1983_HARN",SPHEROID["GRS_1980",6378137.0,298.257222101]],PRIMEM["Greenwich",0.0],UNIT["Degree",0.0174532925199433]],PROJECTION["Lambert_Conformal_Conic"],PARAMETER["False_Easting",500000.0],PARAMETER["False_Northing",0.0],PARAMETER["Central_Meridian",-120.5],PARAMETER["Standard_Parallel_1",45.83333333333334],PARAMETER["Standard_Parallel_2",47.33333333333334],PARAMETER["Latitude_Of_Origin",45.33333333333334],UNIT["Meter",1.0]] "Same as input"</Process><Process ToolSource="c:\program files\arcgis\pro\Resources\ArcToolbox\toolboxes\Data Management Tools.tbx\CalculateGeometryAttributes" Date="20220107" Time="160117">CalculateGeometryAttributes RestorationProjects "AreaHA AREA" # Hectares PROJCS["NAD_1983_HARN_StatePlane_Washington_South_FIPS_4602",GEOGCS["GCS_North_American_1983_HARN",DATUM["D_North_American_1983_HARN",SPHEROID["GRS_1980",6378137.0,298.257222101]],PRIMEM["Greenwich",0.0],UNIT["Degree",0.0174532925199433]],PROJECTION["Lambert_Conformal_Conic"],PARAMETER["False_Easting",500000.0],PARAMETER["False_Northing",0.0],PARAMETER["Central_Meridian",-120.5],PARAMETER["Standard_Parallel_1",45.83333333333334],PARAMETER["Standard_Parallel_2",47.33333333333334],PARAMETER["Latitude_Of_Origin",45.33333333333334],UNIT["Meter",1.0]] "Same as input"</Process><Process ToolSource="c:\program files\arcgis\pro\Resources\ArcToolbox\Toolboxes\Data Management Tools.tbx\CopyMultiple" Date="20220214" Time="141249">CopyMultiple "C:\Users\Oleksandr.Stefankiv\Documents\ESRP\Estuary_Restoration_Chinook_Salmon\Data\Habitat_Features\Review\Summary\0106222\AllPolygons.shp shapefile_polygon;C:\Users\Oleksandr.Stefankiv\Documents\ESRP\Estuary_Restoration_Chinook_Salmon\Data\Habitat_Features\Review\Summary\0106222\NaturalBase.shp shapefile_polygon;C:\Users\Oleksandr.Stefankiv\Documents\ESRP\Estuary_Restoration_Chinook_Salmon\Data\Habitat_Features\Review\Summary\0106222\NaturalUpdate.shp shapefile_polygon;C:\Users\Oleksandr.Stefankiv\Documents\ESRP\Estuary_Restoration_Chinook_Salmon\Data\Habitat_Features\Review\Summary\0106222\RestorationBase.shp shapefile_polygon;C:\Users\Oleksandr.Stefankiv\Documents\ESRP\Estuary_Restoration_Chinook_Salmon\Data\Habitat_Features\Review\Summary\0106222\RestorationProjects.shp shapefile_polygon;C:\Users\Oleksandr.Stefankiv\Documents\ESRP\Estuary_Restoration_Chinook_Salmon\Data\Habitat_Features\Review\Summary\0106222\RestorationUpdate.shp shapefile_polygon;C:\Users\Oleksandr.Stefankiv\Documents\ESRP\Estuary_Restoration_Chinook_Salmon\Data\Habitat_Features\Review\Summary\0106222\RestorationUpdateTidalChannelLine.shp shapefile_line;C:\Users\Oleksandr.Stefankiv\Documents\ESRP\Estuary_Restoration_Chinook_Salmon\Data\Habitat_Features\Review\Summary\0106222\TidalChanneltoDistributaryOutlets.shp shapefile_point" C:\Users\Oleksandr.Stefankiv\Documents\ESRP\Estuary_Restoration_Chinook_Salmon\Data\Habitat_Features\Review\Summary\021422 AllPolygons;NaturalBase;NaturalUpdate;RestorationBase;RestorationProjects;RestorationUpdate;RestorationUpdateTidalChannelLine;TidalChanneltoDistributaryOutlets "AllPolygons FeatureClass AllPolygons.shp #;NaturalBase FeatureClass NaturalBase.shp #;NaturalUpdate FeatureClass NaturalUpdate.shp #;RestorationBase FeatureClass RestorationBase.shp #;RestorationProjects FeatureClass RestorationProjects.shp #;RestorationUpdate FeatureClass RestorationUpdate.shp #;RestorationUpdateTidalChannelLine FeatureClass RestorationUpdateTidalChannelLine.shp #;TidalChanneltoDistributaryOutlets FeatureClass TidalChanneltoDistributaryOutlets.shp #"</Process><Process ToolSource="c:\program files\arcgis\pro\Resources\ArcToolbox\toolboxes\Data Management Tools.tbx\MultipartToSinglepart" Date="20221122" Time="095132">MultipartToSinglepart RestorationProjects C:\Users\Oleksandr.Stefankiv\Documents\ESRP\Estuary_Restoration_Chinook_Salmon\Data\Habitat_Features\Review\Summary\112222\RestorationProjects.shp</Process><Process ToolSource="c:\program files\arcgis\pro\Resources\ArcToolbox\toolboxes\Data Management Tools.tbx\DeleteField" Date="20221122" Time="095155">DeleteField RestorationProjects ORIG_FID "Delete Fields"</Process><Process ToolSource="c:\program files\arcgis\pro\Resources\ArcToolbox\toolboxes\Data Management Tools.tbx\CalculateGeometryAttributes" Date="20221122" Time="095233">CalculateGeometryAttributes RestorationProjects "AreaHA AREA" # Hectares PROJCS["NAD_1983_HARN_StatePlane_Washington_South_FIPS_4602",GEOGCS["GCS_North_American_1983_HARN",DATUM["D_North_American_1983_HARN",SPHEROID["GRS_1980",6378137.0,298.257222101]],PRIMEM["Greenwich",0.0],UNIT["Degree",0.0174532925199433]],PROJECTION["Lambert_Conformal_Conic"],PARAMETER["False_Easting",500000.0],PARAMETER["False_Northing",0.0],PARAMETER["Central_Meridian",-120.5],PARAMETER["Standard_Parallel_1",45.83333333333334],PARAMETER["Standard_Parallel_2",47.33333333333334],PARAMETER["Latitude_Of_Origin",45.33333333333334],UNIT["Meter",1.0]] "Same as input"</Process><Process ToolSource="c:\program files\arcgis\pro\Resources\ArcToolbox\toolboxes\Data Management Tools.tbx\CalculateGeometryAttributes" Date="20221122" Time="100839">CalculateGeometryAttributes RestorationProjects "AreaHA AREA" # Hectares PROJCS["NAD_1983_HARN_StatePlane_Washington_South_FIPS_4602",GEOGCS["GCS_North_American_1983_HARN",DATUM["D_North_American_1983_HARN",SPHEROID["GRS_1980",6378137.0,298.257222101]],PRIMEM["Greenwich",0.0],UNIT["Degree",0.0174532925199433]],PROJECTION["Lambert_Conformal_Conic"],PARAMETER["False_Easting",500000.0],PARAMETER["False_Northing",0.0],PARAMETER["Central_Meridian",-120.5],PARAMETER["Standard_Parallel_1",45.83333333333334],PARAMETER["Standard_Parallel_2",47.33333333333334],PARAMETER["Latitude_Of_Origin",45.33333333333334],UNIT["Meter",1.0]] "Same as input"</Process><Process ToolSource="c:\program files\arcgis\pro\Resources\ArcToolbox\Toolboxes\Data Management Tools.tbx\UpdateSchema" Date="20221206" Time="105831">UpdateSchema "CIMDATA=&lt;CIMStandardDataConnection xsi:type='typens:CIMStandardDataConnection' xmlns:xsi='http://www.w3.org/2001/XMLSchema-instance' xmlns:xs='http://www.w3.org/2001/XMLSchema' xmlns:typens='http://www.esri.com/schemas/ArcGIS/3.0.0'&gt;&lt;WorkspaceConnectionString&gt;DATABASE=E:\Estuary_Restoration_Chinook_Salmon\Data\Habitat_Features\Review\Summary\112222&lt;/WorkspaceConnectionString&gt;&lt;WorkspaceFactory&gt;Shapefile&lt;/WorkspaceFactory&gt;&lt;Dataset&gt;RestorationProjects&lt;/Dataset&gt;&lt;DatasetType&gt;esriDTFeatureClass&lt;/DatasetType&gt;&lt;/CIMStandardDataConnection&gt;" &lt;operationSequence&gt;&lt;workflow&gt;&lt;AddField&gt;&lt;field_name&gt;HydroUnit&lt;/field_name&gt;&lt;field_type&gt;TEXT&lt;/field_type&gt;&lt;field_length&gt;20&lt;/field_length&gt;&lt;field_is_nullable&gt;False&lt;/field_is_nullable&gt;&lt;field_is_required&gt;False&lt;/field_is_required&gt;&lt;/AddField&gt;&lt;/workflow&gt;&lt;workflow&gt;&lt;AddField&gt;&lt;field_name&gt;TidalCcon&lt;/field_name&gt;&lt;field_type&gt;TEXT&lt;/field_type&gt;&lt;field_length&gt;20&lt;/field_length&gt;&lt;field_is_nullable&gt;False&lt;/field_is_nullable&gt;&lt;field_is_required&gt;False&lt;/field_is_required&gt;&lt;/AddField&gt;&lt;/workflow&gt;&lt;workflow&gt;&lt;AddField&gt;&lt;field_name&gt;InudYear&lt;/field_name&gt;&lt;field_type&gt;TEXT&lt;/field_type&gt;&lt;field_length&gt;20&lt;/field_length&gt;&lt;field_is_nullable&gt;False&lt;/field_is_nullable&gt;&lt;field_is_required&gt;False&lt;/field_is_required&gt;&lt;/AddField&gt;&lt;/workflow&gt;&lt;/operationSequence&gt;</Process><Process ToolSource="c:\program files\arcgis\pro\Resources\ArcToolbox\toolboxes\Data Management Tools.tbx\CalculateField" Date="20221206" Time="110111">CalculateField RestorationProjects F_Type 'Tidal Footprint' "Python 3" # Text NO_ENFORCE_DOMAINS</Process><Process ToolSource="c:\program files\arcgis\pro\Resources\ArcToolbox\toolboxes\Data Management Tools.tbx\CalculateField" Date="20221206" Time="110547">CalculateField RestorationProjects TidalCcon !Inundation! "Python 3" # Text NO_ENFORCE_DOMAINS</Process><Process ToolSource="c:\program files\arcgis\pro\Resources\ArcToolbox\toolboxes\Data Management Tools.tbx\CalculateField" Date="20221207" Time="115518">CalculateField RestorationProjects HydroUnit "Partial" "Python 3" # Text NO_ENFORCE_DOMAINS</Process><Process ToolSource="c:\program files\arcgis\pro\Resources\ArcToolbox\toolboxes\Data Management Tools.tbx\CalculateField" Date="20221207" Time="122301">CalculateField RestorationProjects HydroUnit "Full" "Python 3" # Text NO_ENFORCE_DOMAINS</Process><Process ToolSource="c:\program files\arcgis\pro\Resources\ArcToolbox\toolboxes\Data Management Tools.tbx\CalculateField" Date="20221207" Time="143729">CalculateField RestorationProjects HydroUnit "Full" "Python 3" # Text NO_ENFORCE_DOMAINS</Process><Process ToolSource="c:\program files\arcgis\pro\Resources\ArcToolbox\toolboxes\Data Management Tools.tbx\CalculateField" Date="20221207" Time="144250">CalculateField RestorationProjects HydroUnit "Full" "Python 3" # Text NO_ENFORCE_DOMAINS</Process><Process ToolSource="c:\program files\arcgis\pro\Resources\ArcToolbox\toolboxes\Data Management Tools.tbx\CalculateField" Date="20221207" Time="144615">CalculateField RestorationProjects F_Type "Enhancement" "Python 3" # Text NO_ENFORCE_DOMAINS</Process><Process ToolSource="c:\program files\arcgis\pro\Resources\ArcToolbox\toolboxes\Data Management Tools.tbx\CalculateField" Date="20221207" Time="144939">CalculateField RestorationProjects InudYear 1969 "Python 3" # Text NO_ENFORCE_DOMAINS</Process><Process ToolSource="c:\program files\arcgis\pro\Resources\ArcToolbox\toolboxes\Data Management Tools.tbx\CalculateGeometryAttributes" Date="20221207" Time="151326">CalculateGeometryAttributes RestorationProjects "AreaHA AREA" # Hectares PROJCS["NAD_1983_HARN_StatePlane_Washington_South_FIPS_4602",GEOGCS["GCS_North_American_1983_HARN",DATUM["D_North_American_1983_HARN",SPHEROID["GRS_1980",6378137.0,298.257222101]],PRIMEM["Greenwich",0.0],UNIT["Degree",0.0174532925199433]],PROJECTION["Lambert_Conformal_Conic"],PARAMETER["False_Easting",500000.0],PARAMETER["False_Northing",0.0],PARAMETER["Central_Meridian",-120.5],PARAMETER["Standard_Parallel_1",45.83333333333334],PARAMETER["Standard_Parallel_2",47.33333333333334],PARAMETER["Latitude_Of_Origin",45.33333333333334],UNIT["Meter",1.0]] "Same as input"</Process><Process ToolSource="c:\program files\arcgis\pro\Resources\ArcToolbox\toolboxes\Data Management Tools.tbx\CalculateField" Date="20221207" Time="152832">CalculateField RestorationProjects HydroUnit 'Partial' "Python 3" # Text NO_ENFORCE_DOMAINS</Process><Process ToolSource="c:\program files\arcgis\pro\Resources\ArcToolbox\toolboxes\Conversion Tools.tbx\ExportFeatures" Date="20221208" Time="090444">ExportFeatures RestorationProjects C:\noaa\esrp\12072022\RestorationProjects.shp # NOT_USE_ALIAS "Delta "Delta" true true false 150 Text 0 0,First,#,RestorationProjects,Delta,0,150;ProjID "ProjID" true true false 4 Short 0 4,First,#,RestorationProjects,ProjID,-1,-1;ProjName "ProjName" true true false 50 Text 0 0,First,#,RestorationProjects,ProjName,0,50;ProjYear "ProjYear" true true false 4 Short 0 4,First,#,RestorationProjects,ProjYear,-1,-1;Inundation "Inundation" true true false 50 Text 0 0,First,#,RestorationProjects,Inundation,0,50;Comment "Comment" true true false 150 Text 0 0,First,#,RestorationProjects,Comment,0,150;F_Type "F_Type" true true false 20 Text 0 0,First,#,RestorationProjects,F_Type,0,20;AreaHA "AreaHA" true true false 19 Double 0 0,First,#,RestorationProjects,AreaHA,-1,-1;HydroUnit "HydroUnit" true true false 20 Text 0 0,First,#,RestorationProjects,HydroUnit,0,20;TidalCcon "TidalCcon" true true false 20 Text 0 0,First,#,RestorationProjects,TidalCcon,0,20;InudYear "InudYear" true true false 20 Text 0 0,First,#,RestorationProjects,InudYear,0,20" #</Process><Process ToolSource="c:\program files\arcgis\pro\Resources\ArcToolbox\toolboxes\Conversion Tools.tbx\ExportFeatures" Date="20221215" Time="103553">ExportFeatures RestorationProjects C:\noaa\esrp\esrp.gdb\project_footprints # NOT_USE_ALIAS "Delta "Delta" true true false 150 Text 0 0,First,#,RestorationProjects,Delta,0,150;ProjID "ProjID" true true false 4 Short 0 4,First,#,RestorationProjects,ProjID,-1,-1;ProjName "ProjName" true true false 50 Text 0 0,First,#,RestorationProjects,ProjName,0,50;ProjType "ProjType" true true false 20 Text 0 0,First,#,RestorationProjects,F_Type,0,20;ProjYear "ProjYear" true true false 4 Short 0 4,First,#,RestorationProjects,ProjYear,-1,-1;InudYear "InudYear" true true false 20 Text 0 0,First,#,RestorationProjects,InudYear,0,20;HydroUnit "HydroUnit" true true false 20 Text 0 0,First,#,RestorationProjects,HydroUnit,0,20;TidalCcon "TidalCcon" true true false 20 Text 0 0,First,#,RestorationProjects,TidalCcon,0,20;AreaHa "AreaHA" true true false 19 Double 0 0,First,#,RestorationProjects,AreaHA,-1,-1;Comments "Comments" true true false 150 Text 0 0,First,#,RestorationProjects,Comment,0,150" #</Process><Process ToolSource="c:\program files\arcgis\pro\Resources\ArcToolbox\toolboxes\Data Management Tools.tbx\UpdateSchema" Date="20221215" Time="104036">UpdateSchema "CIMDATA=&lt;CIMStandardDataConnection xsi:type='typens:CIMStandardDataConnection' xmlns:xsi='http://www.w3.org/2001/XMLSchema-instance' xmlns:xs='http://www.w3.org/2001/XMLSchema' xmlns:typens='http://www.esri.com/schemas/ArcGIS/3.0.0'&gt;&lt;WorkspaceConnectionString&gt;DATABASE=C:\noaa\esrp\esrp.gdb&lt;/WorkspaceConnectionString&gt;&lt;WorkspaceFactory&gt;FileGDB&lt;/WorkspaceFactory&gt;&lt;Dataset&gt;project_footprints&lt;/Dataset&gt;&lt;DatasetType&gt;esriDTFeatureClass&lt;/DatasetType&gt;&lt;/CIMStandardDataConnection&gt;" &lt;operationSequence&gt;&lt;workflow&gt;&lt;AssignDomainToField&gt;&lt;field_name&gt;ProjType&lt;/field_name&gt;&lt;domain_name&gt;ProjType&lt;/domain_name&gt;&lt;/AssignDomainToField&gt;&lt;/workflow&gt;&lt;/operationSequence&gt;</Process><Process ToolSource="c:\program files\arcgis\pro\Resources\ArcToolbox\toolboxes\Data Management Tools.tbx\UpdateSchema" Date="20221215" Time="104945">UpdateSchema "CIMDATA=&lt;CIMStandardDataConnection xsi:type='typens:CIMStandardDataConnection' xmlns:xsi='http://www.w3.org/2001/XMLSchema-instance' xmlns:xs='http://www.w3.org/2001/XMLSchema' xmlns:typens='http://www.esri.com/schemas/ArcGIS/3.0.0'&gt;&lt;WorkspaceConnectionString&gt;DATABASE=C:\noaa\esrp\esrp.gdb&lt;/WorkspaceConnectionString&gt;&lt;WorkspaceFactory&gt;FileGDB&lt;/WorkspaceFactory&gt;&lt;Dataset&gt;project_footprints&lt;/Dataset&gt;&lt;DatasetType&gt;esriDTFeatureClass&lt;/DatasetType&gt;&lt;/CIMStandardDataConnection&gt;" &lt;operationSequence&gt;&lt;workflow&gt;&lt;AssignDomainToField&gt;&lt;field_name&gt;HydroUnit&lt;/field_name&gt;&lt;domain_name&gt;HydroUnit&lt;/domain_name&gt;&lt;/AssignDomainToField&gt;&lt;/workflow&gt;&lt;/operationSequence&gt;</Process><Process ToolSource="c:\program files\arcgis\pro\Resources\ArcToolbox\toolboxes\Data Management Tools.tbx\UpdateSchema" Date="20221215" Time="115956">UpdateSchema "CIMDATA=&lt;CIMStandardDataConnection xsi:type='typens:CIMStandardDataConnection' xmlns:xsi='http://www.w3.org/2001/XMLSchema-instance' xmlns:xs='http://www.w3.org/2001/XMLSchema' xmlns:typens='http://www.esri.com/schemas/ArcGIS/3.0.0'&gt;&lt;WorkspaceConnectionString&gt;DATABASE=C:\noaa\esrp\esrp.gdb&lt;/WorkspaceConnectionString&gt;&lt;WorkspaceFactory&gt;FileGDB&lt;/WorkspaceFactory&gt;&lt;Dataset&gt;project_footprints&lt;/Dataset&gt;&lt;DatasetType&gt;esriDTFeatureClass&lt;/DatasetType&gt;&lt;/CIMStandardDataConnection&gt;" &lt;operationSequence&gt;&lt;workflow&gt;&lt;AssignDomainToField&gt;&lt;field_name&gt;TidalCcon&lt;/field_name&gt;&lt;domain_name&gt;TidalCcon&lt;/domain_name&gt;&lt;/AssignDomainToField&gt;&lt;/workflow&gt;&lt;/operationSequence&gt;</Process><Process ToolSource="c:\program files\arcgis\pro\Resources\ArcToolbox\toolboxes\Data Management Tools.tbx\UpdateSchema" Date="20221215" Time="125834">UpdateSchema "CIMDATA=&lt;CIMStandardDataConnection xsi:type='typens:CIMStandardDataConnection' xmlns:xsi='http://www.w3.org/2001/XMLSchema-instance' xmlns:xs='http://www.w3.org/2001/XMLSchema' xmlns:typens='http://www.esri.com/schemas/ArcGIS/3.0.0'&gt;&lt;WorkspaceConnectionString&gt;DATABASE=C:\noaa\esrp\esrp.gdb&lt;/WorkspaceConnectionString&gt;&lt;WorkspaceFactory&gt;FileGDB&lt;/WorkspaceFactory&gt;&lt;Dataset&gt;project_footprints&lt;/Dataset&gt;&lt;DatasetType&gt;esriDTFeatureClass&lt;/DatasetType&gt;&lt;/CIMStandardDataConnection&gt;" &lt;operationSequence&gt;&lt;workflow&gt;&lt;AssignDomainToField&gt;&lt;field_name&gt;Delta&lt;/field_name&gt;&lt;domain_name&gt;Delta&lt;/domain_name&gt;&lt;/AssignDomainToField&gt;&lt;/workflow&gt;&lt;/operationSequence&gt;</Process><Process ToolSource="c:\program files\arcgis\pro\Resources\ArcToolbox\toolboxes\Data Management Tools.tbx\CalculateGeometryAttributes" Date="20221216" Time="151423">CalculateGeometryAttributes project_footprints "AreaHa AREA" # Hectares PROJCS["NAD_1983_HARN_StatePlane_Washington_South_FIPS_4602",GEOGCS["GCS_North_American_1983_HARN",DATUM["D_North_American_1983_HARN",SPHEROID["GRS_1980",6378137.0,298.257222101]],PRIMEM["Greenwich",0.0],UNIT["Degree",0.0174532925199433]],PROJECTION["Lambert_Conformal_Conic"],PARAMETER["False_Easting",500000.0],PARAMETER["False_Northing",0.0],PARAMETER["Central_Meridian",-120.5],PARAMETER["Standard_Parallel_1",45.83333333333334],PARAMETER["Standard_Parallel_2",47.33333333333334],PARAMETER["Latitude_Of_Origin",45.33333333333334],UNIT["Meter",1.0]] "Same as input"</Process><Process ToolSource="c:\program files\arcgis\pro\Resources\ArcToolbox\toolboxes\Data Management Tools.tbx\CalculateGeometryAttributes" Date="20230104" Time="140250">CalculateGeometryAttributes project_footprints "AreaHa AREA" # Hectares PROJCS["NAD_1983_HARN_StatePlane_Washington_South_FIPS_4602",GEOGCS["GCS_North_American_1983_HARN",DATUM["D_North_American_1983_HARN",SPHEROID["GRS_1980",6378137.0,298.257222101]],PRIMEM["Greenwich",0.0],UNIT["Degree",0.0174532925199433]],PROJECTION["Lambert_Conformal_Conic"],PARAMETER["False_Easting",500000.0],PARAMETER["False_Northing",0.0],PARAMETER["Central_Meridian",-120.5],PARAMETER["Standard_Parallel_1",45.83333333333334],PARAMETER["Standard_Parallel_2",47.33333333333334],PARAMETER["Latitude_Of_Origin",45.33333333333334],UNIT["Meter",1.0]] "Same as input"</Process><Process ToolSource="c:\program files\arcgis\pro\Resources\ArcToolbox\toolboxes\Data Management Tools.tbx\CalculateGeometryAttributes" Date="20230104" Time="140601">CalculateGeometryAttributes project_footprints "AreaHa AREA" # Hectares PROJCS["NAD_1983_HARN_StatePlane_Washington_South_FIPS_4602",GEOGCS["GCS_North_American_1983_HARN",DATUM["D_North_American_1983_HARN",SPHEROID["GRS_1980",6378137.0,298.257222101]],PRIMEM["Greenwich",0.0],UNIT["Degree",0.0174532925199433]],PROJECTION["Lambert_Conformal_Conic"],PARAMETER["False_Easting",500000.0],PARAMETER["False_Northing",0.0],PARAMETER["Central_Meridian",-120.5],PARAMETER["Standard_Parallel_1",45.83333333333334],PARAMETER["Standard_Parallel_2",47.33333333333334],PARAMETER["Latitude_Of_Origin",45.33333333333334],UNIT["Meter",1.0]] "Same as input"</Process><Process ToolSource="c:\program files\arcgis\pro\Resources\ArcToolbox\toolboxes\Data Management Tools.tbx\CalculateGeometryAttributes" Date="20230113" Time="153841">CalculateGeometryAttributes project_footprints "AreaHa AREA" # Hectares # "Same as input"</Process><Process ToolSource="c:\program files\arcgis\pro\Resources\ArcToolbox\toolboxes\Data Management Tools.tbx\CalculateGeometryAttributes" Date="20230113" Time="154003">CalculateGeometryAttributes project_footprints "AreaHa AREA" # Hectares # "Same as input"</Process><Process ToolSource="c:\program files\arcgis\pro\Resources\ArcToolbox\toolboxes\Data Management Tools.tbx\CalculateGeometryAttributes" Date="20230113" Time="154649">CalculateGeometryAttributes project_footprints "AreaHa AREA" # Hectares # "Same as input"</Process><Process ToolSource="c:\program files\arcgis\pro\Resources\ArcToolbox\toolboxes\Conversion Tools.tbx\ExportFeatures" Date="20240514" Time="103055">ExportFeatures project_footprints "U:\ESRP\ESRP_SAR\HabitatFeatures\Tidal Channel and Project layers\Project Footprints.shp" # NOT_USE_ALIAS "Delta "Delta" true true false 150 Text 0 0,First,#,project_footprints,Delta,0,150;ProjID "ProjID" true true false 2 Short 0 0,First,#,project_footprints,ProjID,-1,-1;ProjName "ProjName" true true false 50 Text 0 0,First,#,project_footprints,ProjName,0,50;ProjType "ProjType" true true false 20 Text 0 0,First,#,project_footprints,ProjType,0,20;ProjYear "ProjYear" true true false 2 Short 0 0,First,#,project_footprints,ProjYear,-1,-1;InudYear "InudYear" true true false 20 Text 0 0,First,#,project_footprints,InudYear,0,20;HydroUnit "HydroUnit" true true false 20 Text 0 0,First,#,project_footprints,HydroUnit,0,20;TidalCcon "TidalCcon" true true false 20 Text 0 0,First,#,project_footprints,TidalCcon,0,20;AreaHa "AreaHA" true true false 8 Double 0 0,First,#,project_footprints,AreaHa,-1,-1;Comments "Comments" true true false 150 Text 0 0,First,#,project_footprints,Comments,0,150;Shape_Length "Shape_Length" false true true 8 Double 0 0,First,#,project_footprints,Shape_Length,-1,-1;Shape_Area "Shape_Area" false true true 8 Double 0 0,First,#,project_footprints,Shape_Area,-1,-1" #</Process><Process ToolSource="c:\program files\arcgis\pro\Resources\ArcToolbox\toolboxes\Analysis Tools.tbx\Clip" Date="20250205" Time="103746">Clip "Current Conditions\Tidal Channel and Project Layers\Project Footprints" "Delta - Sediment, FW Discharge\SNO_delta" C:\Users\Catalina.Burch\Documents\ArcGIS\Estuary\EstuarCalcPreliminary\EstuarCalcPreliminary.gdb\ProjectFootprints_SNO #</Process><Process ToolSource="c:\program files\arcgis\pro\Resources\ArcToolbox\toolboxes\Conversion Tools.tbx\ExportFeatures" Date="20250207" Time="143517">ExportFeatures CedarGroveMitigation C:\Users\Catalina.Burch\Documents\GitHub\Estuary-Calculator\Shiny\ShinyPractice\data\CedarGroveMitigation.shp # NOT_USE_ALIAS "Delta "Delta" true true false 150 Text 0 0,First,#,CedarGroveMitigation,Delta,0,149;ProjID "ProjID" true true false 4 Long 0 0,First,#,CedarGroveMitigation,ProjID,-1,-1;ProjName "ProjName" true true false 50 Text 0 0,First,#,CedarGroveMitigation,ProjName,0,49;ProjType "ProjType" true true false 20 Text 0 0,First,#,CedarGroveMitigation,ProjType,0,19;ProjYear "ProjYear" true true false 4 Long 0 0,First,#,CedarGroveMitigation,ProjYear,-1,-1;InudYear "InudYear" true true false 20 Text 0 0,First,#,CedarGroveMitigation,InudYear,0,19;HydroUnit "HydroUnit" true true false 20 Text 0 0,First,#,CedarGroveMitigation,HydroUnit,0,19;TidalCcon "TidalCcon" true true false 20 Text 0 0,First,#,CedarGroveMitigation,TidalCcon,0,19;AreaHa "AreaHa" true true false 8 Double 0 0,First,#,CedarGroveMitigation,AreaHa,-1,-1;Comments "Comments" true true false 150 Text 0 0,First,#,CedarGroveMitigation,Comments,0,149;Shape_Leng "Shape_Leng" true true false 8 Double 0 0,First,#,CedarGroveMitigation,Shape_Leng,-1,-1;Shape_Length "Shape_Length" false true true 8 Double 0 0,First,#,CedarGroveMitigation,Shape_Length,-1,-1;Shape_Area "Shape_Area" false true true 8 Double 0 0,First,#,CedarGroveMitigation,Shape_Area,-1,-1" #</Process></lineage><itemProps><itemName Sync="TRUE">CedarGroveMitigation</itemName><imsContentType Sync="TRUE">002</imsContentType><itemSize Sync="TRUE">0.000</itemSize><itemLocation><linkage Sync="TRUE">file://\\NWCLW04787300\C$\Users\Catalina.Burch\Documents\GitHub\Estuary-Calculator\Shiny\ShinyPractice\data\CedarGroveMitigation.shp</linkage><protocol Sync="TRUE">Local Area Network</protocol></itemLocation></itemProps><coordRef><type Sync="TRUE">Projected</type><geogcsn Sync="TRUE">GCS_North_American_1983_HARN</geogcsn><csUnits Sync="TRUE">Linear Unit: Meter (1.000000)</csUnits><projcsn Sync="TRUE">NAD_1983_HARN_StatePlane_Washington_South_FIPS_4602</projcsn><peXml Sync="TRUE">&lt;ProjectedCoordinateSystem xsi:type='typens:ProjectedCoordinateSystem' xmlns:xsi='http://www.w3.org/2001/XMLSchema-instance' xmlns:xs='http://www.w3.org/2001/XMLSchema' xmlns:typens='http://www.esri.com/schemas/ArcGIS/3.4.0'&gt;&lt;WKT&gt;PROJCS[&amp;quot;NAD_1983_HARN_StatePlane_Washington_South_FIPS_4602&amp;quot;,GEOGCS[&amp;quot;GCS_North_American_1983_HARN&amp;quot;,DATUM[&amp;quot;D_North_American_1983_HARN&amp;quot;,SPHEROID[&amp;quot;GRS_1980&amp;quot;,6378137.0,298.257222101]],PRIMEM[&amp;quot;Greenwich&amp;quot;,0.0],UNIT[&amp;quot;Degree&amp;quot;,0.0174532925199433]],PROJECTION[&amp;quot;Lambert_Conformal_Conic&amp;quot;],PARAMETER[&amp;quot;False_Easting&amp;quot;,500000.0],PARAMETER[&amp;quot;False_Northing&amp;quot;,0.0],PARAMETER[&amp;quot;Central_Meridian&amp;quot;,-120.5],PARAMETER[&amp;quot;Standard_Parallel_1&amp;quot;,45.83333333333334],PARAMETER[&amp;quot;Standard_Parallel_2&amp;quot;,47.33333333333334],PARAMETER[&amp;quot;Latitude_Of_Origin&amp;quot;,45.33333333333334],UNIT[&amp;quot;Meter&amp;quot;,1.0],AUTHORITY[&amp;quot;EPSG&amp;quot;,2856]]&lt;/WKT&gt;&lt;XOrigin&gt;-35813600&lt;/XOrigin&gt;&lt;YOrigin&gt;-30129700&lt;/YOrigin&gt;&lt;XYScale&gt;124019640.77839969&lt;/XYScale&gt;&lt;ZOrigin&gt;-100000&lt;/ZOrigin&gt;&lt;ZScale&gt;10000&lt;/ZScale&gt;&lt;MOrigin&gt;-100000&lt;/MOrigin&gt;&lt;MScale&gt;10000&lt;/MScale&gt;&lt;XYTolerance&gt;0.001&lt;/XYTolerance&gt;&lt;ZTolerance&gt;0.001&lt;/ZTolerance&gt;&lt;MTolerance&gt;0.001&lt;/MTolerance&gt;&lt;HighPrecision&gt;true&lt;/HighPrecision&gt;&lt;WKID&gt;102349&lt;/WKID&gt;&lt;LatestWKID&gt;2856&lt;/LatestWKID&gt;&lt;/ProjectedCoordinateSystem&gt;</peXml></coordRef><copyHistory><copy source="C:\Users\Oleksandr.Stefankiv\Documents\ESRP\Estuary_Restoration_Chinook_Salmon\Data\Habitat_Features\Review\Summary\0106222\RestorationProjects" dest="\\NWCLW04344647\C$\Users\Oleksandr.Stefankiv\Documents\ESRP\Estuary_Restoration_Chinook_Salmon\Data\Habitat_Features\Review\Summary\021422\RestorationProjects" date="20220214" time="14124900"></copy></copyHistory></DataProperties><SyncDate>20250207</SyncDate><SyncTime>14351700</SyncTime><ModDate>20250207</ModDate><ModTime>14351700</ModTime></Esri><dataIdInfo><envirDesc Sync="TRUE">Microsoft Windows 10 Version 10.0 (Build 22631) ; Esri ArcGIS 13.4.0.55405</envirDesc><dataLang><languageCode value="eng" Sync="TRUE"></languageCode><countryCode value="USA" Sync="TRUE"></countryCode></dataLang><idCitation><resTitle Sync="TRUE">CedarGroveMitigation</resTitle><presForm><PresFormCd value="005" Sync="TRUE"></PresFormCd></presForm></idCitation><spatRpType><SpatRepTypCd value="001" Sync="TRUE"></SpatRepTypCd></spatRpType></dataIdInfo><mdLang><languageCode value="eng" Sync="TRUE"></languageCode><countryCode value="USA" Sync="TRUE"></countryCode></mdLang><mdChar><CharSetCd value="004" Sync="TRUE"></CharSetCd></mdChar><distInfo><distFormat><formatName Sync="TRUE">Shapefile</formatName></distFormat><distTranOps><transSize Sync="TRUE">0.000</transSize></distTranOps></distInfo><mdHrLv><ScopeCd value="005" Sync="TRUE"></ScopeCd></mdHrLv><mdHrLvName Sync="TRUE">dataset</mdHrLvName><refSysInfo><RefSystem><refSysID><identCode code="2856" Sync="TRUE"></identCode><idCodeSpace Sync="TRUE">EPSG</idCodeSpace><idVersion Sync="TRUE">6.3(9.0.0)</idVersion></refSysID></RefSystem></refSysInfo><spatRepInfo><VectSpatRep><geometObjs Name="CedarGroveMitigation"><geoObjTyp><GeoObjTypCd value="002" Sync="TRUE"></GeoObjTypCd></geoObjTyp><geoObjCnt Sync="TRUE">0</geoObjCnt></geometObjs><topLvl><TopoLevCd value="001" Sync="TRUE"></TopoLevCd></topLvl></VectSpatRep></spatRepInfo><spdoinfo><ptvctinf><esriterm Name="CedarGroveMitigation"><efeatyp Sync="TRUE">Simple</efeatyp><efeageom code="4" Sync="TRUE"></efeageom><esritopo Sync="TRUE">FALSE</esritopo><efeacnt Sync="TRUE">0</efeacnt><spindex Sync="TRUE">FALSE</spindex><linrefer Sync="TRUE">FALSE</linrefer></esriterm></ptvctinf></spdoinfo><eainfo><detailed Name="CedarGroveMitigation"><enttyp><enttypl Sync="TRUE">CedarGroveMitigation</enttypl><enttypt Sync="TRUE">Feature Class</enttypt><enttypc Sync="TRUE">0</enttypc></enttyp><attr><attrlabl Sync="TRUE">FID</attrlabl><attalias Sync="TRUE">FID</attalias><attrtype Sync="TRUE">OID</attrtype><attwidth Sync="TRUE">4</attwidth><atprecis Sync="TRUE">0</atprecis><attscale Sync="TRUE">0</attscale><attrdef Sync="TRUE">Internal feature number.</attrdef><attrdefs Sync="TRUE">Esri</attrdefs><attrdomv><udom Sync="TRUE">Sequential unique whole numbers that are automatically generated.</udom></attrdomv></attr><attr><attrlabl Sync="TRUE">Shape</attrlabl><attalias Sync="TRUE">Shape</attalias><attrtype Sync="TRUE">Geometry</attrtype><attwidth Sync="TRUE">0</attwidth><atprecis Sync="TRUE">0</atprecis><attscale Sync="TRUE">0</attscale><attrdef Sync="TRUE">Feature geometry.</attrdef><attrdefs Sync="TRUE">Esri</attrdefs><attrdomv><udom Sync="TRUE">Coordinates defining the features.</udom></attrdomv></attr><attr><attrlabl Sync="TRUE">Delta</attrlabl><attalias Sync="TRUE">Delta</attalias><attrtype Sync="TRUE">String</attrtype><attwidth Sync="TRUE">150</attwidth><atprecis Sync="TRUE">0</atprecis><attscale Sync="TRUE">0</attscale></attr><attr><attrlabl Sync="TRUE">ProjID</attrlabl><attalias Sync="TRUE">ProjID</attalias><attrtype Sync="TRUE">Integer</attrtype><attwidth Sync="TRUE">10</attwidth><atprecis Sync="TRUE">10</atprecis><attscale Sync="TRUE">0</attscale></attr><attr><attrlabl Sync="TRUE">ProjName</attrlabl><attalias Sync="TRUE">ProjName</attalias><attrtype Sync="TRUE">String</attrtype><attwidth Sync="TRUE">50</attwidth><atprecis Sync="TRUE">0</atprecis><attscale Sync="TRUE">0</attscale></attr><attr><attrlabl Sync="TRUE">ProjType</attrlabl><attalias Sync="TRUE">ProjType</attalias><attrtype Sync="TRUE">String</attrtype><attwidth Sync="TRUE">20</attwidth><atprecis Sync="TRUE">0</atprecis><attscale Sync="TRUE">0</attscale></attr><attr><attrlabl Sync="TRUE">ProjYear</attrlabl><attalias Sync="TRUE">ProjYear</attalias><attrtype Sync="TRUE">Integer</attrtype><attwidth Sync="TRUE">10</attwidth><atprecis Sync="TRUE">10</atprecis><attscale Sync="TRUE">0</attscale></attr><attr><attrlabl Sync="TRUE">AreaHA</attrlabl><attalias Sync="TRUE">AreaHa</attalias><attrtype Sync="TRUE">Double</attrtype><attwidth Sync="TRUE">19</attwidth><atprecis Sync="TRUE">0</atprecis><attscale Sync="TRUE">0</attscale></attr><attr><attrlabl Sync="TRUE">HydroUnit</attrlabl><attalias Sync="TRUE">HydroUnit</attalias><attrtype Sync="TRUE">String</attrtype><attwidth Sync="TRUE">20</attwidth><atprecis Sync="TRUE">0</atprecis><attscale Sync="TRUE">0</attscale></attr><attr><attrlabl Sync="TRUE">TidalCcon</attrlabl><attalias Sync="TRUE">TidalCcon</attalias><attrtype Sync="TRUE">String</attrtype><attwidth Sync="TRUE">20</attwidth><atprecis Sync="TRUE">0</atprecis><attscale Sync="TRUE">0</attscale></attr><attr><attrlabl Sync="TRUE">InudYear</attrlabl><attalias Sync="TRUE">InudYear</attalias><attrtype Sync="TRUE">String</attrtype><attwidth Sync="TRUE">20</attwidth><atprecis Sync="TRUE">0</atprecis><attscale Sync="TRUE">0</attscale></attr><attr><attrlabl Sync="TRUE">Comments</attrlabl><attalias Sync="TRUE">Comments</attalias><attrtype Sync="TRUE">String</attrtype><attwidth Sync="TRUE">150</attwidth><atprecis Sync="TRUE">0</atprecis><attscale Sync="TRUE">0</attscale></attr><attr><attrlabl Sync="TRUE">Shape_Leng</attrlabl><attalias Sync="TRUE">Shape_Leng</attalias><attrtype Sync="TRUE">Double</attrtype><attwidth Sync="TRUE">19</attwidth><atprecis Sync="TRUE">0</atprecis><attscale Sync="TRUE">0</attscale></attr><attr><attrlabl Sync="TRUE">Shape_Le_1</attrlabl><attalias Sync="TRUE">Shape_Le_1</attalias><attrtype Sync="TRUE">Double</attrtype><attwidth Sync="TRUE">19</attwidth><atprecis Sync="TRUE">0</atprecis><attscale Sync="TRUE">0</attscale></attr><attr><attrlabl Sync="TRUE">Shape_Area</attrlabl><attalias Sync="TRUE">Shape_Area</attalias><attrtype Sync="TRUE">Double</attrtype><attwidth Sync="TRUE">19</attwidth><atprecis Sync="TRUE">0</atprecis><attscale Sync="TRUE">0</attscale><attrdef Sync="TRUE">Area of feature in internal units squared.</attrdef><attrdefs Sync="TRUE">Esri</attrdefs><attrdomv><udom Sync="TRUE">Positive real numbers that are automatically generated.</udom></attrdomv></attr></detailed></eainfo><mdDateSt Sync="TRUE">20250207</mdDateSt></metadata>
